Workbook

Sheet Analisis PIECES
A1: Nilai Skor Total | B1: Kategori | D1: Interval | E1: Kategori | F1: Nilai | G1: Frekuensi | H1: Presentase
A2: =SUM('Data Tingkat Kepuasan'!C2:N2)/12 -> 4.1666667 | B2: =IF(A2<=1.8,"Sangat Tidak Puas",IF(A2<=2.6,"Tidak Puas",IF(A2<=3.4,"Puas",IF(A2<=4.2,"Cukup Puas",IF(A2<=5,"Sangat Puas"))))) -> Cukup Puas | D2: 1-1,8 | E2: Sangat Tidak Puas | F2: 1 | G2: 0 | H2: =G2/G7*100 -> 0
A3: =SUM('Data Tingkat Kepuasan'!C3:N3)/12 -> 3.5 | B3: =IF(A3<=1.8,"Sangat Tidak Puas",IF(A3<=2.6,"Tidak Puas",IF(A3<=3.4,"Puas",IF(A3<=4.2,"Cukup Puas",IF(A3<=5,"Sangat Puas"))))) -> Cukup Puas | D3: 1,81-2,6 | E3: Tidak Puas | F3: 2 | G3: 6 | H3: 0.06
A4: =SUM('Data Tingkat Kepuasan'!C4:N4)/12 -> 3.3333333 | B4: =IF(A4<=1.8,"Sangat Tidak Puas",IF(A4<=2.6,"Tidak Puas",IF(A4<=3.4,"Puas",IF(A4<=4.2,"Cukup Puas",IF(A4<=5,"Sangat Puas"))))) -> Puas | D4: 2,61-3,4 | E4: Puas | F4: 3 | G4: 8 | H4: 0.08
A5: =SUM('Data Tingkat Kepuasan'!C5:N5)/12 -> 3.25 | B5: =IF(A5<=1.8,"Sangat Tidak Puas",IF(A5<=2.6,"Tidak Puas",IF(A5<=3.4,"Puas",IF(A5<=4.2,"Cukup Puas",IF(A5<=5,"Sangat Puas"))))) -> Puas | D5: 3,41-4,2 | E5: Cukup Puas | F5: 4 | G5: 25 | H5: 0.25
A6: =SUM('Data Tingkat Kepuasan'!C6:N6)/12 -> 3.6666667 | B6: =IF(A6<=1.8,"Sangat Tidak Puas",IF(A6<=2.6,"Tidak Puas",IF(A6<=3.4,"Puas",IF(A6<=4.2,"Cukup Puas",IF(A6<=5,"Sangat Puas"))))) -> Cukup Puas | D6: 4,21-5 | E6: Sangat Puas | F6: 5 | G6: 3 | H6: 0.03
A7: =SUM('Data Tingkat Kepuasan'!C7:N7)/12 -> 3.75 | B7: =IF(A7<=1.8,"Sangat Tidak Puas",IF(A7<=2.6,"Tidak Puas",IF(A7<=3.4,"Puas",IF(A7<=4.2,"Cukup Puas",IF(A7<=5,"Sangat Puas"))))) -> Cukup Puas | G7: 42 | H7: =SUM(H2:H6) -> 0.42
A8: =SUM('Data Tingkat Kepuasan'!C8:N8)/12 -> 3.8333333 | B8: =IF(A8<=1.8,"Sangat Tidak Puas",IF(A8<=2.6,"Tidak Puas",IF(A8<=3.4,"Puas",IF(A8<=4.2,"Cukup Puas",IF(A8<=5,"Sangat Puas"))))) -> Cukup Puas
A9: =SUM('Data Tingkat Kepuasan'!C9:N9)/12 -> 4 | B9: =IF(A9<=1.8,"Sangat Tidak Puas",IF(A9<=2.6,"Tidak Puas",IF(A9<=3.4,"Puas",IF(A9<=4.2,"Cukup Puas",IF(A9<=5,"Sangat Puas"))))) -> Cukup Puas
A10: =SUM('Data Tingkat Kepuasan'!C10:N10)/12 -> 3.8333333 | B10: =IF(A10<=1.8,"Sangat Tidak Puas",IF(A10<=2.6,"Tidak Puas",IF(A10<=3.4,"Puas",IF(A10<=4.2,"Cukup Puas",IF(A10<=5,"Sangat Puas"))))) -> Cukup Puas
A11: =SUM('Data Tingkat Kepuasan'!C11:N11)/12 -> 3.8333333 | B11: =IF(A11<=1.8,"Sangat Tidak Puas",IF(A11<=2.6,"Tidak Puas",IF(A11<=3.4,"Puas",IF(A11<=4.2,"Cukup Puas",IF(A11<=5,"Sangat Puas"))))) -> Cukup Puas
A12: =SUM('Data Tingkat Kepuasan'!C12:N12)/12 -> 3.9166667 | B12: =IF(A12<=1.8,"Sangat Tidak Puas",IF(A12<=2.6,"Tidak Puas",IF(A12<=3.4,"Puas",IF(A12<=4.2,"Cukup Puas",IF(A12<=5,"Sangat Puas"))))) -> Cukup Puas
A13: =SUM('Data Tingkat Kepuasan'!C13:N13)/12 -> 4 | B13: =IF(A13<=1.8,"Sangat Tidak Puas",IF(A13<=2.6,"Tidak Puas",IF(A13<=3.4,"Puas",IF(A13<=4.2,"Cukup Puas",IF(A13<=5,"Sangat Puas"))))) -> Cukup Puas
A14: =SUM('Data Tingkat Kepuasan'!C14:N14)/12 -> 4.0833333 | B14: =IF(A14<=1.8,"Sangat Tidak Puas",IF(A14<=2.6,"Tidak Puas",IF(A14<=3.4,"Puas",IF(A14<=4.2,"Cukup Puas",IF(A14<=5,"Sangat Puas"))))) -> Cukup Puas
A15: =SUM('Data Tingkat Kepuasan'!C15:N15)/12 -> 4 | B15: =IF(A15<=1.8,"Sangat Tidak Puas",IF(A15<=2.6,"Tidak Puas",IF(A15<=3.4,"Puas",IF(A15<=4.2,"Cukup Puas",IF(A15<=5,"Sangat Puas"))))) -> Cukup Puas
A16: =SUM('Data Tingkat Kepuasan'!C16:N16)/12 -> 3.9166667 | B16: =IF(A16<=1.8,"Sangat Tidak Puas",IF(A16<=2.6,"Tidak Puas",IF(A16<=3.4,"Puas",IF(A16<=4.2,"Cukup Puas",IF(A16<=5,"Sangat Puas"))))) -> Cukup Puas
A17: =SUM('Data Tingkat Kepuasan'!C17:N17)/12 -> 3.8333333 | B17: =IF(A17<=1.8,"Sangat Tidak Puas",IF(A17<=2.6,"Tidak Puas",IF(A17<=3.4,"Puas",IF(A17<=4.2,"Cukup Puas",IF(A17<=5,"Sangat Puas"))))) -> Cukup Puas
A18: =SUM('Data Tingkat Kepuasan'!C18:N18)/12 -> 4 | B18: =IF(A18<=1.8,"Sangat Tidak Puas",IF(A18<=2.6,"Tidak Puas",IF(A18<=3.4,"Puas",IF(A18<=4.2,"Cukup Puas",IF(A18<=5,"Sangat Puas"))))) -> Cukup Puas
A19: =SUM('Data Tingkat Kepuasan'!C19:N19)/12 -> 3.4166667 | B19: =IF(A19<=1.8,"Sangat Tidak Puas",IF(A19<=2.6,"Tidak Puas",IF(A19<=3.4,"Puas",IF(A19<=4.2,"Cukup Puas",IF(A19<=5,"Sangat Puas"))))) -> Cukup Puas
... A43: =SUM('Data Tingkat Kepuasan'!C43:N43)/12 -> 3.0833333 | B43: =IF(A43<=1.8,"Sangat Tidak Puas",IF(A43<=2.6,"Tidak Puas",IF(A43<=3.4,"Puas",IF(A43<=4.2,"Cukup Puas",IF(A43<=5,"Sangat Puas"))))) -> Puas

Sheet Data Tingkat Kepuasan
A1: Timestamp | B1: Nama | C1: 1. Bagaimana tingkat kepuasan terhadap kemudahan penggunaan Sistem Informasi POKLAHSAR? | D1: 2. Bagaimana tingkat kepuasan terhadap kecepatan sistem dalam membuka dan menjalankan fitur Iuran Kelompok? | E1: 3. Bagaimana tingkat kepuasan terhadap kejelasan informasi yang ditampilkan pada fitur Iuran Kelompok? | F1: 4. Bagaimana tingkat kepuasan terhadap ketepatan data iuran yang tersimpan pada fitur Iuran Kelompok? | G1: 5. Bagaimana tingkat kepuasan terhadap manfaat fitur Iuran Kelompok dalam mengurangi penggunaan buku pencatatan manual? | H1: 6. Bagaimana tingkat kepuasan terhadap manfaat fitur Iuran Kelompok dalam menghemat waktu pengelolaan data iuran? | I1: 7. Bagaimana tingkat kepuasan terhadap keamanan data iuran anggota yang tersimpan pada sistem? | J1: 8. Bagaimana tingkat kepuasan terhadap kemampuan fitur Iuran Kelompok dalam mengurangi kesalahan pencatatan data iuran? | K1: 9. Bagaimana tingkat kepuasan terhadap kemudahan pencarian data iuran anggota pada fitur Iuran Kelompok? | L1: 10. Bagaimana tingkat kepuasan terhadap kemudahan pengelolaan dan rekapitulasi data iuran kelompok menggunakan fitur Iuran Kelompok? | M1: 11. Bagaimana tingkat kepuasan terhadap tampilan dan kemudahan penggunaan fitur Iuran Kelompok? | N1: 12. Bagaimana tingkat kepuasan secara keseluruhan terhadap fitur Iuran Kelompok pada Sistem Informasi POKLAHSAR?
A2: 5/31/2026 21:23:14 | B2: Habibah | C2: 4 | D2: 4 | E2: 3 | F2: 3 | G2: 4 | H2: 5 | I2: 5 | J2: 4 | K2: 4 | L2: 5 | M2: 5 | N2: 4
A3: 5/31/2026 21:28:14 | B3: Partini | C3: 3 | D3: 3 | E3: 2 | F3: 2 | G3: 4 | H3: 5 | I3: 5 | J3: 4 | K3: 3 | L3: 4 | M3: 4 | N3: 3
A4: 5/31/2026 21:35:52 | B4: Maenah | C4: 5 | D4: 3 | E4: 4 | F4: 2 | G4: 3 | H4: 4 | I4: 3 | J4: 2 | K4: 3 | L4: 4 | M4: 4 | N4: 3
A5: 5/31/2026 21:51:42 | B5: Ida Susanti | C5: 4 | D5: 3 | E5: 4 | F5: 3 | G5: 1 | H5: 2 | I5: 3 | J5: 4 | K5: 5 | L5: 3 | M5: 4 | N5: 3
A6: 5/31/2026 21:52:00 | B6: Sarwo | C6: 5 | D6: 4 | E6: 5 | F6: 3 | G6: 4 | H6: 4 | I6: 4 | J6: 3 | K6: 3 | L6: 3 | M6: 3 | N6: 3
A7: 5/31/2026 21:52:54 | B7: Wiwin Sunarti | C7: 3 | D7: 4 | E7: 3 | F7: 3 | G7: 4 | H7: 4 | I7: 5 | J7: 5 | K7: 4 | L7: 4 | M7: 3 | N7: 3
A8: 5/31/2026 21:53:26 | B8: Ria Hartini | C8: 4 | D8: 4 | E8: 3 | F8: 3 | G8: 4 | H8: 3 | I8: 3 | J8: 4 | K8: 5 | L8: 5 | M8: 4 | N8: 4
A9: 5/31/2026 21:53:57 | B9: Juliasih | C9: 5 | D9: 5 | E9: 4 | F9: 4 | G9: 3 | H9: 4 | I9: 4 | J9: 3 | K9: 3 | L9: 4 | M9: 4 | N9: 5
A10: 5/31/2026 21:54:28 | B10: Syamsyiah | C10: 5 | D10: 4 | E10: 5 | F10: 4 | G10: 4 | H10: 3 | I10: 3 | J10: 4 | K10: 3 | L10: 3 | M10: 4 | N10: 4
A11: 5/31/2026 21:54:56 | B11: Neneng | C11: 5 | D11: 4 | E11: 4 | F11: 3 | G11: 3 | H11: 3 | I11: 4 | J11: 5 | K11: 4 | L11: 3 | M11: 4 | N11: 4
A12: 5/31/2026 21:55:28 | B12: Supinah | C12: 5 | D12: 4 | E12: 3 | F12: 4 | G12: 3 | H12: 3 | I12: 4 | J12: 4 | K12: 3 | L12: 4 | M12: 5 | N12: 5
A13: 5/31/2026 21:55:50 | B13: Jirah | C13: 5 | D13: 4 | E13: 4 | F13: 5 | G13: 5 | H13: 4 | I13: 3 | J13: 3 | K13: 4 | L13: 3 | M13: 3 | N13: 5
... A17: 5/31/2026 21:57:34 | B17: Amina | C17: 5 | D17: 4 | E17: 3 | F17: 4 | G17: 4 | H17: 3 | I17: 3 | J17: 4 | K17: 3 | L17: 4 | M17: 4 | N17: 5
A18: 46179.629 | B18: Uswa Hasanah As’ad | C18: 4 | D18: 4 | E18: 4 | F18: 3 | G18: 3 | H18: 5 | I18: 3 | J18: 4 | K18: 4 | L18: 4 | M18: 5 | N18: 5
A19: 46179.629 | B19: Jumriyah | C19: 4 | D19: 4 | E19: 3 | F19: 3 | G19: 3 | H19: 5 | I19: 3 | J19: 3 | K19: 3 | L19: 3 | M19: 4 | N19: 3
A20: 46179.63 | B20: Sainab | C20: 5 | D20: 3 | E20: 3 | F20: 3 | G20: 3 | H20: 4 | I20: 3 | J20: 3 | K20: 4 | L20: 3 | M20: 5 | N20: 4
A21: 46179.63 | B21: Nor Arofah | C21: 3 | D21: 4 | E21: 4 | F21: 3 | G21: 3 | H21: 3 | I21: 3 | J21: 3 | K21: 4 | L21: 3 | M21: 4 | N21: 4
A22: 46179.631 | B22: Mu’minah | C22: 3 | D22: 3 | E22: 3 | F22: 3 | G22: 3 | H22: 3 | I22: 3 | J22: 3 | K22: 3 | L22: 3 | M22: 4 | N22: 4
A23: 46179.631 | B23: Rokidah | C23: 4 | D23: 4 | E23: 3 | F23: 3 | G23: 3 | H23: 3 | I23: 4 | J23: 4 | K23: 4 | L23: 3 | M23: 5 | N23: 5
A24: 46179.631 | B24: Mutmaimah | C24: 5 | D24: 4 | E24: 3 | F24: 3 | G24: 3 | H24: 4 | I24: 3 | J24: 3 | K24: 4 | L24: 4 | M24: 4 | N24: 4
A25: 46179.668 | B25: Warti A | C25: 3 | D25: 1 | E25: 2 | F25: 2 | G25: 4 | H25: 4 | I25: 3 | J25: 3 | K25: 3 | L25: 3 | M25: 3 | N25: 3
A26: 46179.669 | B26: Habibbahurripa’ah | C26: 2 | D26: 1 | E26: 3 | F26: 2 | G26: 2 | H26: 3 | I26: 4 | J26: 3 | K26: 3 | L26: 2 | M26: 2 | N26: 3
A27: 46179.67 | B27: Ani Maya Sopa | C27: 5 | D27: 4 | E27: 3 | F27: 4 | G27: 4 | H27: 5 | I27: 3 | J27: 5 | K27: 3 | L27: 3 | M27: 5 | N27: 5
A28: 46179.67 | B28: Seniah | C28: 3 | D28: 4 | E28: 5 | F28: 3 | G28: 5 | H28: 5 | I28: 4 | J28: 5 | K28: 4 | L28: 3 | M28: 5 | N28: 5
A29: 46179.67 | B29: Saerah | C29: 5 | D29: 4 | E29: 5 | F29: 4 | G29: 3 | H29: 3 | I29: 4 | J29: 5 | K29: 4 | L29: 3 | M29: 5 | N29: 5
... A43: 46179.677 | B43: Sri Sumarni | C43: 4 | D43: 2 | E43: 2 | F43: 3 | G43: 4 | H43: 5 | I43: 2 | J43: 3 | K43: 3 | L43: 2 | M43: 3 | N43: 4
